﻿[
 {
   "Team": "Napoli",
   "Played": 12,
   "Won": 10,
   "Drawn": 2,
   "Lost": 0,
   "Goals scored": 32,
   "Goals conceded": 8,
   "GD": 24,
   "Points": 32
 },
 {
   "Team": "Juventus",
   "Played": 12,
   "Won": 10,
   "Drawn": 1,
   "Lost": 1,
   "Goals scored": 35,
   "Goals conceded": 11,
   "GD": 24,
   "Points": 31
 },
 {
   "Team": "Inter",
   "Played": 12,
   "Won": 9,
   "Drawn": 3,
   "Lost": 0,
   "Goals scored": 23,
   "Goals conceded": 9,
   "GD": 14,
   "Points": 30
 },
 {
   "Team": "Lazio",
   "Played": 11,
   "Won": 9,
   "Drawn": 1,
   "Lost": 1,
   "Goals scored": 31,
   "Goals conceded": 12,
   "GD": 19,
   "Points": 28
 },
 {
   "Team": "Roma",
   "Played": 11,
   "Won": 9,
   "Drawn": 0,
   "Lost": 2,
   "Goals scored": 21,
   "Goals conceded": 7,
   "GD": 14,
   "Points": 27
 },
 {
   "Team": "Sampdoria",
   "Played": 11,
   "Won": 7,
   "Drawn": 2,
   "Lost": 2,
   "Goals scored": 24,
   "Goals conceded": 13,
   "GD": 11,
   "Points": 23
 },
 {
   "Team": "Milan",
   "Played": 12,
   "Won": 6,
   "Drawn": 1,
   "Lost": 5,
   "Goals scored": 18,
   "Goals conceded": 16,
   "GD": 2,
   "Points": 19
 },
 {
   "Team": "Torino",
   "Played": 12,
   "Won": 4,
   "Drawn": 5,
   "Lost": 3,
   "Goals scored": 17,
   "Goals conceded": 19,
   "GD": -2,
   "Points": 17
 },
 {
   "Team": "Fiorentina",
   "Played": 12,
   "Won": 5,
   "Drawn": 1,
   "Lost": 6,
   "Goals scored": 21,
   "Goals conceded": 17,
   "GD": 4,
   "Points": 16
 },
 {
   "Team": "Atalanta",
   "Played": 12,
   "Won": 4,
   "Drawn": 4,
   "Lost": 4,
   "Goals scored": 19,
   "Goals conceded": 16,
   "GD": 3,
   "Points": 16
 },
 {
   "Team": "Chievo",
   "Played": 12,
   "Won": 4,
   "Drawn": 4,
   "Lost": 4,
   "Goals scored": 14,
   "Goals conceded": 19,
   "GD": -5,
   "Points": 16
 },
 {
   "Team": "Bologna",
   "Played": 12,
   "Won": 4,
   "Drawn": 2,
   "Lost": 6,
   "Goals scored": 11,
   "Goals conceded": 15,
   "GD": -4,
   "Points": 14
 },
 {
   "Team": "Udinese",
   "Played": 11,
   "Won": 4,
   "Drawn": 0,
   "Lost": 7,
   "Goals scored": 18,
   "Goals conceded": 22,
   "GD": -4,
   "Points": 12
 },
 {
   "Team": "Cagliari",
   "Played": 12,
   "Won": 4,
   "Drawn": 0,
   "Lost": 8,
   "Goals scored": 11,
   "Goals conceded": 21,
   "GD": -10,
   "Points": 12
 },
 {
   "Team": "Crotone",
   "Played": 12,
   "Won": 3,
   "Drawn": 3,
   "Lost": 6,
   "Goals scored": 11,
   "Goals conceded": 23,
   "GD": -12,
   "Points": 12
 },
 {
   "Team": "Spal",
   "Played": 12,
   "Won": 2,
   "Drawn": 3,
   "Lost": 7,
   "Goals scored": 10,
   "Goals conceded": 20,
   "GD": -10,
   "Points": 9
 },
 {
   "Team": "Sassuolo",
   "Played": 12,
   "Won": 2,
   "Drawn": 2,
   "Lost": 8,
   "Goals scored": 6,
   "Goals conceded": 21,
   "GD": -15,
   "Points": 8
 },
 {
   "Team": "Genoa",
   "Played": 12,
   "Won": 1,
   "Drawn": 3,
   "Lost": 8,
   "Goals scored": 10,
   "Goals conceded": 19,
   "GD": -9,
   "Points": 6
 },
 {
   "Team": "Verona",
   "Played": 12,
   "Won": 1,
   "Drawn": 3,
   "Lost": 8,
   "Goals scored": 8,
   "Goals conceded": 26,
   "GD": -18,
   "Points": 6
 },
 {
   "Team": "Benevento",
   "Played": 12,
   "Won": 0,
   "Drawn": 0,
   "Lost": 12,
   "Goals scored": 5,
   "Goals conceded": 31,
   "GD": -26,
   "Points": 0
 }
]