﻿[
 {
   "Team": "Man City",
   "Played": 11,
   "Won": 10,
   "Drawn": 1,
   "Lost": 0,
   "Goals scored": 38,
   "Goals conceded": 7,
   "GD": 31,
   "Points": 31
 },
 {
   "Team": "Man United",
   "Played": 11,
   "Won": 7,
   "Drawn": 2,
   "Lost": 2,
   "Goals scored": 23,
   "Goals conceded": 5,
   "GD": 18,
   "Points": 23
 },
 {
   "Team": "Tottenham",
   "Played": 11,
   "Won": 7,
   "Drawn": 2,
   "Lost": 2,
   "Goals scored": 20,
   "Goals conceded": 7,
   "GD": 13,
   "Points": 23
 },
 {
   "Team": "Chelsea",
   "Played": 11,
   "Won": 7,
   "Drawn": 1,
   "Lost": 3,
   "Goals scored": 19,
   "Goals conceded": 10,
   "GD": 9,
   "Points": 22
 },
 {
   "Team": "Liverpool",
   "Played": 11,
   "Won": 5,
   "Drawn": 4,
   "Lost": 2,
   "Goals scored": 21,
   "Goals conceded": 17,
   "GD": 4,
   "Points": 19
 },
 {
   "Team": "Arsenal",
   "Played": 11,
   "Won": 6,
   "Drawn": 1,
   "Lost": 4,
   "Goals scored": 20,
   "Goals conceded": 16,
   "GD": 4,
   "Points": 19
 },
 {
   "Team": "Burnley",
   "Played": 11,
   "Won": 5,
   "Drawn": 4,
   "Lost": 2,
   "Goals scored": 10,
   "Goals conceded": 9,
   "GD": 1,
   "Points": 19
 },
 {
   "Team": "Brighton",
   "Played": 11,
   "Won": 4,
   "Drawn": 3,
   "Lost": 4,
   "Goals scored": 11,
   "Goals conceded": 11,
   "GD": 0,
   "Points": 15
 },
 {
   "Team": "Watford",
   "Played": 11,
   "Won": 4,
   "Drawn": 3,
   "Lost": 4,
   "Goals scored": 17,
   "Goals conceded": 21,
   "GD": -4,
   "Points": 15
 },
 {
   "Team": "Huddersfield",
   "Played": 11,
   "Won": 4,
   "Drawn": 3,
   "Lost": 4,
   "Goals scored": 8,
   "Goals conceded": 13,
   "GD": -5,
   "Points": 15
 },
 {
   "Team": "Newcastle",
   "Played": 11,
   "Won": 4,
   "Drawn": 2,
   "Lost": 5,
   "Goals scored": 10,
   "Goals conceded": 10,
   "GD": 0,
   "Points": 14
 },
 {
   "Team": "Leicester",
   "Played": 11,
   "Won": 3,
   "Drawn": 4,
   "Lost": 4,
   "Goals scored": 16,
   "Goals conceded": 16,
   "GD": 0,
   "Points": 13
 },
 {
   "Team": "Southampton",
   "Played": 11,
   "Won": 3,
   "Drawn": 4,
   "Lost": 4,
   "Goals scored": 9,
   "Goals conceded": 11,
   "GD": -2,
   "Points": 13
 },
 {
   "Team": "Stoke",
   "Played": 11,
   "Won": 3,
   "Drawn": 3,
   "Lost": 5,
   "Goals scored": 13,
   "Goals conceded": 22,
   "GD": -9,
   "Points": 12
 },
 {
   "Team": "Everton",
   "Played": 11,
   "Won": 3,
   "Drawn": 2,
   "Lost": 6,
   "Goals scored": 10,
   "Goals conceded": 22,
   "GD": -12,
   "Points": 11
 },
 {
   "Team": "West Brom",
   "Played": 11,
   "Won": 2,
   "Drawn": 4,
   "Lost": 5,
   "Goals scored": 9,
   "Goals conceded": 14,
   "GD": -5,
   "Points": 10
 },
 {
   "Team": "Bournemouth",
   "Played": 11,
   "Won": 3,
   "Drawn": 1,
   "Lost": 7,
   "Goals scored": 7,
   "Goals conceded": 14,
   "GD": -7,
   "Points": 10
 },
 {
   "Team": "West Ham",
   "Played": 11,
   "Won": 2,
   "Drawn": 3,
   "Lost": 6,
   "Goals scored": 11,
   "Goals conceded": 23,
   "GD": -12,
   "Points": 9
 },
 {
   "Team": "Swansea",
   "Played": 11,
   "Won": 2,
   "Drawn": 2,
   "Lost": 7,
   "Goals scored": 7,
   "Goals conceded": 13,
   "GD": -6,
   "Points": 8
 },
 {
   "Team": "Crystal Palace",
   "Played": 11,
   "Won": 1,
   "Drawn": 1,
   "Lost": 9,
   "Goals scored": 4,
   "Goals conceded": 22,
   "GD": -18,
   "Points": 4
 }
]