﻿[
 {
   "Team": "Paris SG",
   "Played": 12,
   "Won": 10,
   "Drawn": 2,
   "Lost": 0,
   "Goals scored": 39,
   "Goals conceded": 8,
   "GD": 31,
   "Points": 32
 },
 {
   "Team": "Monaco",
   "Played": 12,
   "Won": 9,
   "Drawn": 1,
   "Lost": 2,
   "Goals scored": 34,
   "Goals conceded": 12,
   "GD": 22,
   "Points": 28
 },
 {
   "Team": "Lyon",
   "Played": 12,
   "Won": 7,
   "Drawn": 4,
   "Lost": 1,
   "Goals scored": 32,
   "Goals conceded": 15,
   "GD": 17,
   "Points": 25
 },
 {
   "Team": "Marseille",
   "Played": 12,
   "Won": 7,
   "Drawn": 3,
   "Lost": 2,
   "Goals scored": 26,
   "Goals conceded": 17,
   "GD": 9,
   "Points": 24
 },
 {
   "Team": "Nantes",
   "Played": 12,
   "Won": 7,
   "Drawn": 2,
   "Lost": 3,
   "Goals scored": 11,
   "Goals conceded": 9,
   "GD": 2,
   "Points": 23
 },
 {
   "Team": "St Etienne",
   "Played": 12,
   "Won": 5,
   "Drawn": 3,
   "Lost": 4,
   "Goals scored": 13,
   "Goals conceded": 15,
   "GD": -2,
   "Points": 18
 },
 {
   "Team": "Caen",
   "Played": 12,
   "Won": 6,
   "Drawn": 0,
   "Lost": 6,
   "Goals scored": 8,
   "Goals conceded": 13,
   "GD": -5,
   "Points": 18
 },
 {
   "Team": "Montpellier",
   "Played": 12,
   "Won": 4,
   "Drawn": 4,
   "Lost": 4,
   "Goals scored": 9,
   "Goals conceded": 8,
   "GD": 1,
   "Points": 16
 },
 {
   "Team": "Bordeaux",
   "Played": 12,
   "Won": 4,
   "Drawn": 4,
   "Lost": 4,
   "Goals scored": 16,
   "Goals conceded": 18,
   "GD": -2,
   "Points": 16
 },
 {
   "Team": "Rennes",
   "Played": 12,
   "Won": 4,
   "Drawn": 3,
   "Lost": 5,
   "Goals scored": 14,
   "Goals conceded": 15,
   "GD": -1,
   "Points": 15
 },
 {
   "Team": "Troyes",
   "Played": 12,
   "Won": 4,
   "Drawn": 3,
   "Lost": 5,
   "Goals scored": 12,
   "Goals conceded": 15,
   "GD": -3,
   "Points": 15
 },
 {
   "Team": "Toulouse",
   "Played": 12,
   "Won": 4,
   "Drawn": 3,
   "Lost": 5,
   "Goals scored": 12,
   "Goals conceded": 17,
   "GD": -5,
   "Points": 15
 },
 {
   "Team": "Guingamp",
   "Played": 12,
   "Won": 4,
   "Drawn": 2,
   "Lost": 6,
   "Goals scored": 13,
   "Goals conceded": 21,
   "GD": -8,
   "Points": 14
 },
 {
   "Team": "Angers",
   "Played": 12,
   "Won": 2,
   "Drawn": 7,
   "Lost": 3,
   "Goals scored": 16,
   "Goals conceded": 19,
   "GD": -3,
   "Points": 13
 },
 {
   "Team": "Nice",
   "Played": 12,
   "Won": 4,
   "Drawn": 1,
   "Lost": 7,
   "Goals scored": 14,
   "Goals conceded": 19,
   "GD": -5,
   "Points": 13
 },
 {
   "Team": "Dijon",
   "Played": 12,
   "Won": 3,
   "Drawn": 3,
   "Lost": 6,
   "Goals scored": 14,
   "Goals conceded": 21,
   "GD": -7,
   "Points": 12
 },
 {
   "Team": "Amiens",
   "Played": 11,
   "Won": 3,
   "Drawn": 2,
   "Lost": 6,
   "Goals scored": 7,
   "Goals conceded": 13,
   "GD": -6,
   "Points": 11
 },
 {
   "Team": "Strasbourg",
   "Played": 12,
   "Won": 2,
   "Drawn": 4,
   "Lost": 6,
   "Goals scored": 13,
   "Goals conceded": 23,
   "GD": -10,
   "Points": 10
 },
 {
   "Team": "Lille",
   "Played": 11,
   "Won": 2,
   "Drawn": 3,
   "Lost": 6,
   "Goals scored": 9,
   "Goals conceded": 15,
   "GD": -6,
   "Points": 9
 },
 {
   "Team": "Metz",
   "Played": 12,
   "Won": 1,
   "Drawn": 0,
   "Lost": 11,
   "Goals scored": 5,
   "Goals conceded": 24,
   "GD": -19,
   "Points": 3
 }
]