﻿[
 {
   "Team": "Barcelona",
   "Played": 11,
   "Won": 10,
   "Drawn": 1,
   "Lost": 0,
   "Goals scored": 30,
   "Goals conceded": 4,
   "GD": 26,
   "Points": 31
 },
 {
   "Team": "Valencia",
   "Played": 11,
   "Won": 8,
   "Drawn": 3,
   "Lost": 0,
   "Goals scored": 30,
   "Goals conceded": 11,
   "GD": 19,
   "Points": 27
 },
 {
   "Team": "Real Madrid",
   "Played": 11,
   "Won": 7,
   "Drawn": 2,
   "Lost": 2,
   "Goals scored": 22,
   "Goals conceded": 9,
   "GD": 13,
   "Points": 23
 },
 {
   "Team": "Ath Madrid",
   "Played": 11,
   "Won": 6,
   "Drawn": 5,
   "Lost": 0,
   "Goals scored": 16,
   "Goals conceded": 6,
   "GD": 10,
   "Points": 23
 },
 {
   "Team": "Villarreal",
   "Played": 11,
   "Won": 6,
   "Drawn": 2,
   "Lost": 3,
   "Goals scored": 18,
   "Goals conceded": 11,
   "GD": 7,
   "Points": 20
 },
 {
   "Team": "Sevilla",
   "Played": 11,
   "Won": 6,
   "Drawn": 1,
   "Lost": 4,
   "Goals scored": 12,
   "Goals conceded": 11,
   "GD": 1,
   "Points": 19
 },
 {
   "Team": "Real Sociedad",
   "Played": 11,
   "Won": 5,
   "Drawn": 2,
   "Lost": 4,
   "Goals scored": 24,
   "Goals conceded": 21,
   "GD": 3,
   "Points": 17
 },
 {
   "Team": "Betis",
   "Played": 11,
   "Won": 5,
   "Drawn": 2,
   "Lost": 4,
   "Goals scored": 21,
   "Goals conceded": 20,
   "GD": 1,
   "Points": 17
 },
 {
   "Team": "Leganés",
   "Played": 11,
   "Won": 5,
   "Drawn": 2,
   "Lost": 4,
   "Goals scored": 9,
   "Goals conceded": 8,
   "GD": 1,
   "Points": 17
 },
 {
   "Team": "Girona",
   "Played": 11,
   "Won": 4,
   "Drawn": 3,
   "Lost": 4,
   "Goals scored": 13,
   "Goals conceded": 16,
   "GD": -3,
   "Points": 15
 },
 {
   "Team": "Celta",
   "Played": 11,
   "Won": 4,
   "Drawn": 2,
   "Lost": 5,
   "Goals scored": 22,
   "Goals conceded": 17,
   "GD": 5,
   "Points": 14
 },
 {
   "Team": "Getafe",
   "Played": 11,
   "Won": 3,
   "Drawn": 4,
   "Lost": 4,
   "Goals scored": 15,
   "Goals conceded": 13,
   "GD": 2,
   "Points": 13
 },
 {
   "Team": "Espanyol",
   "Played": 11,
   "Won": 3,
   "Drawn": 4,
   "Lost": 4,
   "Goals scored": 9,
   "Goals conceded": 13,
   "GD": -4,
   "Points": 13
 },
 {
   "Team": "Levante",
   "Played": 11,
   "Won": 2,
   "Drawn": 6,
   "Lost": 3,
   "Goals scored": 12,
   "Goals conceded": 15,
   "GD": -3,
   "Points": 12
 },
 {
   "Team": "Ath Bilbao",
   "Played": 11,
   "Won": 3,
   "Drawn": 2,
   "Lost": 6,
   "Goals scored": 11,
   "Goals conceded": 15,
   "GD": -4,
   "Points": 11
 },
 {
   "Team": "La Coruña",
   "Played": 11,
   "Won": 3,
   "Drawn": 2,
   "Lost": 6,
   "Goals scored": 13,
   "Goals conceded": 20,
   "GD": -7,
   "Points": 11
 },
 {
   "Team": "Eibar",
   "Played": 11,
   "Won": 2,
   "Drawn": 2,
   "Lost": 7,
   "Goals scored": 6,
   "Goals conceded": 25,
   "GD": -19,
   "Points": 8
 },
 {
   "Team": "Alavés",
   "Played": 11,
   "Won": 2,
   "Drawn": 0,
   "Lost": 9,
   "Goals scored": 5,
   "Goals conceded": 16,
   "GD": -11,
   "Points": 6
 },
 {
   "Team": "Las Palmas",
   "Played": 11,
   "Won": 2,
   "Drawn": 0,
   "Lost": 9,
   "Goals scored": 8,
   "Goals conceded": 28,
   "GD": -20,
   "Points": 6
 },
 {
   "Team": "Málaga",
   "Played": 11,
   "Won": 1,
   "Drawn": 1,
   "Lost": 9,
   "Goals scored": 6,
   "Goals conceded": 23,
   "GD": -17,
   "Points": 4
 }
]