﻿[
 {
   "Team": "Bayern Munich",
   "Played": 11,
   "Won": 8,
   "Drawn": 2,
   "Lost": 1,
   "Goals scored": 27,
   "Goals conceded": 8,
   "GD": 19,
   "Points": 26
 },
 {
   "Team": "RB Leipzig",
   "Played": 11,
   "Won": 7,
   "Drawn": 1,
   "Lost": 3,
   "Goals scored": 18,
   "Goals conceded": 13,
   "GD": 5,
   "Points": 22
 },
 {
   "Team": "Dortmund",
   "Played": 11,
   "Won": 6,
   "Drawn": 2,
   "Lost": 3,
   "Goals scored": 28,
   "Goals conceded": 14,
   "GD": 14,
   "Points": 20
 },
 {
   "Team": "Schalke 04",
   "Played": 11,
   "Won": 6,
   "Drawn": 2,
   "Lost": 3,
   "Goals scored": 14,
   "Goals conceded": 10,
   "GD": 4,
   "Points": 20
 },
 {
   "Team": "Hoffenheim",
   "Played": 11,
   "Won": 5,
   "Drawn": 4,
   "Lost": 2,
   "Goals scored": 20,
   "Goals conceded": 14,
   "GD": 6,
   "Points": 19
 },
 {
   "Team": "Hannover",
   "Played": 11,
   "Won": 5,
   "Drawn": 3,
   "Lost": 3,
   "Goals scored": 15,
   "Goals conceded": 11,
   "GD": 4,
   "Points": 18
 },
 {
   "Team": "Ein Frankfurt",
   "Played": 11,
   "Won": 5,
   "Drawn": 3,
   "Lost": 3,
   "Goals scored": 13,
   "Goals conceded": 11,
   "GD": 2,
   "Points": 18
 },
 {
   "Team": "gladbach",
   "Played": 11,
   "Won": 5,
   "Drawn": 3,
   "Lost": 3,
   "Goals scored": 17,
   "Goals conceded": 19,
   "GD": -2,
   "Points": 18
 },
 {
   "Team": "Leverkusen",
   "Played": 11,
   "Won": 4,
   "Drawn": 4,
   "Lost": 3,
   "Goals scored": 23,
   "Goals conceded": 16,
   "GD": 7,
   "Points": 16
 },
 {
   "Team": "Augsburg",
   "Played": 11,
   "Won": 4,
   "Drawn": 4,
   "Lost": 3,
   "Goals scored": 16,
   "Goals conceded": 11,
   "GD": 5,
   "Points": 16
 },
 {
   "Team": "Hertha",
   "Played": 11,
   "Won": 3,
   "Drawn": 5,
   "Lost": 3,
   "Goals scored": 14,
   "Goals conceded": 15,
   "GD": -1,
   "Points": 14
 },
 {
   "Team": "Stuttgart",
   "Played": 11,
   "Won": 4,
   "Drawn": 1,
   "Lost": 6,
   "Goals scored": 10,
   "Goals conceded": 14,
   "GD": -4,
   "Points": 13
 },
 {
   "Team": "Mainz",
   "Played": 11,
   "Won": 3,
   "Drawn": 3,
   "Lost": 5,
   "Goals scored": 12,
   "Goals conceded": 17,
   "GD": -5,
   "Points": 12
 },
 {
   "Team": "Wolfsburg",
   "Played": 11,
   "Won": 1,
   "Drawn": 8,
   "Lost": 2,
   "Goals scored": 13,
   "Goals conceded": 16,
   "GD": -3,
   "Points": 11
 },
 {
   "Team": "Hamburg",
   "Played": 11,
   "Won": 3,
   "Drawn": 1,
   "Lost": 7,
   "Goals scored": 10,
   "Goals conceded": 18,
   "GD": -8,
   "Points": 10
 },
 {
   "Team": "Freiburg",
   "Played": 11,
   "Won": 1,
   "Drawn": 5,
   "Lost": 5,
   "Goals scored": 6,
   "Goals conceded": 21,
   "GD": -15,
   "Points": 8
 },
 {
   "Team": "Werder Bremen",
   "Played": 11,
   "Won": 0,
   "Drawn": 5,
   "Lost": 6,
   "Goals scored": 4,
   "Goals conceded": 14,
   "GD": -10,
   "Points": 5
 },
 {
   "Team": "FC Koln",
   "Played": 11,
   "Won": 0,
   "Drawn": 2,
   "Lost": 9,
   "Goals scored": 4,
   "Goals conceded": 22,
   "GD": -18,
   "Points": 2
 }
]